machine;code;capacity_per_day;usage_hours
Machine 1;A;100;5000
Machine 2;A;200;3000
Machine 3;A;150;4000
Machine 4;A;250;2000
Machine 5;A;300;1000
Machine 1;B;100;6000
Machine 2;B;200;3500
Machine 3;B;150;4500
Machine 4;B;250;2500
Machine 5;B;300;1500
